{
	"info": {
		"_postman_id": "5fc31201-49b8-4538-bfcf-25292906283a",
		"name": "Module5 part1",
		"schema": "https://schema.getpostman.com/json/collection/v2.1.0/collection.json"
	},
	"item": [
		{
			"name": "UserStart",
			"request": {
				"method": "POST",
				"header": [],
				"body": {
					"mode": "raw",
					"raw": "{\n    \"name\":\"Sanket\",\n    \"email\":\"xyz@gmail.com\",\n    \"role\":\"user\",\n    \"password\":\"qwerty123\",\n    \"passwordConfirm\":\"qwerty123\"\n}",
					"options": {
						"raw": {
							"language": "json"
						}
					}
				},
				"url": {
					"raw": "localhost:3000/api/v1/users",
					"host": [
						"localhost"
					],
					"port": "3000",
					"path": [
						"api",
						"v1",
						"users"
					]
				}
			},
			"response": []
		},
		{
			"name": "Encryption",
			"request": {
				"method": "POST",
				"header": [],
				"body": {
					"mode": "raw",
					"raw": "{\n    \"name\":\"Friend\",\n    \"email\":\"Friend@gmail.com\",\n    \"role\":\"staff\",\n    \"password\":\"qwerty789\",\n    \"passwordConfirm\":\"qwerty789\"\n}",
					"options": {
						"raw": {
							"language": "json"
						}
					}
				},
				"url": {
					"raw": "localhost:3000/api/v1/users/signup",
					"host": [
						"localhost"
					],
					"port": "3000",
					"path": [
						"api",
						"v1",
						"users",
						"signup"
					]
				}
			},
			"response": []
		},
		{
			"name": "JWT Encryption",
			"request": {
				"method": "POST",
				"header": [],
				"body": {
					"mode": "raw",
					"raw": " {\n        \"name\":\"Friend21\",\n        \"email\":\"Friend34@gmail.com\",\n        \"role\":\"staff\",\n        \"password\":\"qwerty789\",\n        \"passwordConfirm\":\"qwerty789\"\n    }",
					"options": {
						"raw": {
							"language": "json"
						}
					}
				},
				"url": {
					"raw": "localhost:3000/api/v1/users/signup",
					"host": [
						"localhost"
					],
					"port": "3000",
					"path": [
						"api",
						"v1",
						"users",
						"signup"
					]
				}
			},
			"response": []
		}
	]
}